"pos";"variable";"label";"col_type";"missing";"levels";"value_labels"
1;"StudySubjectID";"Study Subject ID";"chr";0;"";""
2;"ProtocolID";"Protocol ID";"chr";0;"";""
3;"RE_INFORMATION_E1_C1";"Le médecin investigateur (ou la personne référente du service) assure avoir obtenu le";"chr";0;"";""
4;"RE_CONSENTEMENT_E1_C1";"Le patient a-t-il donné son consentement éclairé pour sa participation à ce projet? Non/OUI";"fct";0;"Non; OUI";""
5;"RE_DATE_CONSENTEMENT_E1_C1";"Quelle est la date d'obtention du Consentement éclairé (exprimée en jj/mm/aaaa)?";"date";0;"";""
6;"RE_MEDIC_DATE_E2_C2";"Date de passation de la MINI (exprimée en jj/mm/aaaa) et/ou des échelles AQ/EQ pour l'indication clinique TSA";"date";2;"";""
7;"RE_MINI_DIAG1_E2_C2";"MINI_DIAG1";"fct";2;"AUCUN; A-EPISODE DEPRESSIF MAJEUR (EDM); A'-EDM avec caractéristiques mélancoliques; B-DYSTHYMIE; C-RISQUE SUICIDAIRE; D-EPISODE (HYPO-)MANIAQUE; E-TROUBLE PANIQUE; F-AGORAPHOBIE; G-PHOBIE SOCIALE; H-TROUBLE OBSESSIONNEL COMPULSIF; I-ETAT de STRESS POST-TRAUMATIQUE; J-ALCOOL (Dépendance/Abus); K-DROGUES (Dépendance/Abus); L-TROUBLES PSYCHOTIQUES; M-ANOREXIE MENTALE; N-BOULIMIE; O-ANXIETE GENERALISEE; P-TROUBLES de la PERSONNALITE ANTISOCIALE";""
8;"RE_MINI_DIAG2_E2_C2";"MINI_DIAG2";"chr";0;"";""
9;"RE_TSA_E2_C2";"Appréciation clinique d'un diag TSA (F84.0 selon DSM-V) suivant entretien et/ou passation des échelles AQ et EQ par exemple";"fct";2;"Non; Oui";""
10;"RE_ENPSY_DATE_E2_C2";"Date de l'évaluation neuropsy de pré-inclusion; indispensable pour calculer l'âge réel du patient au moment de l'évaluation et valider les calculs normés";"date";13;"";""
11;"RE_CALC_AGE_E2_C2";"Quel est l'âge du patient à la date de l'évaluation";"dbl";13;"";""
12;"RE_MATR_NB_E2_C2";"MATRICES - Note brute";"dbl";13;"";""
13;"RE_MATR_STDR_E2_C2";"MATRICES - Note standard";"dbl";14;"";""
14;"RE_CUBES_NB_E2_C2";"CUBES - Note brute";"dbl";13;"";""
15;"RE_CUBES_STDR_E2_C2";"CUBES - Note standard";"dbl";14;"";""
16;"RE_PUZZ_NB_E2_C2";"PUZZLES VISUELS - Note brute";"dbl";13;"";""
17;"RE_PUZZ_STDR_E2_C2";"PUZZLES VISUELS - Note standard";"dbl";14;"";""
18;"RE_SIMIL_NB_E2_C2";"SIMILITUDES - Note brute";"dbl";13;"";""
19;"RE_SIMIL_STDR_E2_C2";"SIMILITUDES - Note standard";"dbl";14;"";""
20;"RE_INFO_NB_E2_C2";"INFORMATION - Note brute";"dbl";13;"";""
21;"RE_INFO_STDR_E2_C2";"INFORMATION - Note standard";"dbl";14;"";""
22;"RE_VOCAB_NB_E2_C2";"VOCABULAIRE - Note brute";"dbl";13;"";""
23;"RE_VOCAB_STDR_E2_C2";"VOCABULAIRE - Note standard";"dbl";14;"";""
24;"RE_IRP_E2_C2";"Indice de Raisonnement Perceptif (IRP)";"dbl";13;"";""
25;"RE_ICV_E2_C2";"Indice  de Compréhension Verbale (ICV)";"dbl";13;"";""
26;"RE_APT_GEN_E2_C2";"Indice d'Aptitudes Générales (IAG)";"dbl";14;"";""
27;"RE_SORTIE_E7_C7";"Le patient/usager est-il sorti d'étude prématurément? Non/Oui";"fct";0;"NON; OUI";""
28;"RE_ETAPE_E7_C7";"A quelle étape de l'étude le patient/usager a-t-il abandonné le protocole ?";"fct";66;"Pendant la phase de pré-inclusion; Avant la randomisation; Avant/Pendant l'évaluation T1; Avant/Pendant l'évaluation T2; Pendant le suivi en ESAT; Avant/pendant l'évaluation T3";""
29;"RE_MOTIF_E7_C7";"Pour quel motif/raison le patient/usager a-t-il quitté l'étude prématurément?";"fct";66;"Retrait de Consentement; Score IAG inf. 70; Abandon projet ESAT/Démission; Arrêt maladie; Hospitalisation; Non assiduité aux séances du groupe de soin; Autre motif";""
30;"RE_DATE_SORTIE_E7_C7";"Quelle est la date de sortie prématurée de l'étude  ( ie date d'obtention de la dernière donnée; exprimée en jj/mm/aaaa)?";"date";66;"";""
31;"RE_MOTIF_OTH_E7_C7";"Quel est l'autre motif de sortie prématurée de l'étude?";"chr";0;"";""
32;"RE_EMPLOYEUR2_E5_C5";"Nom de l'ESAT employeur";"fct";12;"1-Messidor 69 (Lyon); 2-Passage Pro (Allonne); 3-Iris-Messidor (Bobigny); Donnée Non Disponible";""
33;"RE_EMBAUCHE_E5_C5";"Date d'embauche/admission";"date";12;"";""
34;"RE_MOIS_M1_E5_C5";"Mois de la première mesure (M1 en ESAT, M4 dans le protocole)";"chr";12;"";""
35;"RE_ASSIDUITE_SOIN_E5_C5";"Nombre de séances de soin (groupe RCS ou I) effectivement suivies par le patient (sur 12 séances)";"chr";12;"";""
36;"RE_MOIS_ANNEE_E5_C5_1";"Mois considéré";"fct";12;"M1; M2; M3; M4; M5; M6; Donnée Non Disponible";""
37;"RE_QUOTITE_E5_C5_1";"Quotité du temps de travail";"fct";12;"10% (1/2 journée par semaine); 20% (1 journée par semaine); 30% (1,5 journée par semaine); 40% (2 journées par semaine); 50% (2,5 journées par semaine); 60% (3 journées par semaine); 70% (3,5 journées par semaine); 80% (4 journées par semaine); 90% (4,5 journées par semaine); 100% (5 journées par semaine); Donnée Non Disponible";""
38;"RE_HEURES_PREVUES_E5_C5_1";"Heures prévues sur le mois considéré";"dbl";12;"";""
39;"RE_HEURES_EFFECTUEES_E5_C5_1";"Heures effectuées sur le mois considéré";"dbl";12;"";""
40;"RE_RATIO_E5_C5_1";"Ratio mensuel";"dbl";12;"";""
41;"RE_REMARQUES_E5_C5_1";"Remarques éventuelles expliquant le déficit en heures";"chr";12;"";""
42;"RE_DUREE_ABSENCE_E5_C5_1";"Durée de l'absence ayant entrainé le déficit en";"dbl";12;"";""
43;"RE_MOIS_ANNEE_E5_C5_2";"Mois considéré";"fct";69;"M1; M2; M3; M4; M5; M6; Donnée Non Disponible";""
44;"RE_QUOTITE_E5_C5_2";"Quotité du temps de travail";"fct";69;"10% (1/2 journée par semaine); 20% (1 journée par semaine); 30% (1,5 journée par semaine); 40% (2 journées par semaine); 50% (2,5 journées par semaine); 60% (3 journées par semaine); 70% (3,5 journées par semaine); 80% (4 journées par semaine); 90% (4,5 journées par semaine); 100% (5 journées par semaine); Donnée Non Disponible";""
45;"RE_HEURES_PREVUES_E5_C5_2";"Heures prévues sur le mois considéré";"dbl";69;"";""
46;"RE_HEURES_EFFECTUEES_E5_C5_2";"Heures effectuées sur le mois considéré";"dbl";69;"";""
47;"RE_RATIO_E5_C5_2";"Ratio mensuel";"dbl";69;"";""
48;"RE_REMARQUES_E5_C5_2";"Remarques éventuelles expliquant le déficit en heures";"chr";12;"";""
49;"RE_DUREE_ABSENCE_E5_C5_2";"Durée de l'absence ayant entrainé le déficit en";"dbl";69;"";""
50;"RE_MOIS_ANNEE_E5_C5_3";"Mois considéré";"fct";69;"M1; M2; M3; M4; M5; M6; Donnée Non Disponible";""
51;"RE_QUOTITE_E5_C5_3";"Quotité du temps de travail";"fct";69;"10% (1/2 journée par semaine); 20% (1 journée par semaine); 30% (1,5 journée par semaine); 40% (2 journées par semaine); 50% (2,5 journées par semaine); 60% (3 journées par semaine); 70% (3,5 journées par semaine); 80% (4 journées par semaine); 90% (4,5 journées par semaine); 100% (5 journées par semaine); Donnée Non Disponible";""
52;"RE_HEURES_PREVUES_E5_C5_3";"Heures prévues sur le mois considéré";"dbl";69;"";""
53;"RE_HEURES_EFFECTUEES_E5_C5_3";"Heures effectuées sur le mois considéré";"dbl";69;"";""
54;"RE_RATIO_E5_C5_3";"Ratio mensuel";"dbl";69;"";""
55;"RE_REMARQUES_E5_C5_3";"Remarques éventuelles expliquant le déficit en heures";"chr";12;"";""
56;"RE_DUREE_ABSENCE_E5_C5_3";"Durée de l'absence ayant entrainé le déficit en";"dbl";69;"";""
57;"RE_MOIS_ANNEE_E5_C5_4";"Mois considéré";"fct";71;"M1; M2; M3; M4; M5; M6; Donnée Non Disponible";""
58;"RE_QUOTITE_E5_C5_4";"Quotité du temps de travail";"fct";71;"10% (1/2 journée par semaine); 20% (1 journée par semaine); 30% (1,5 journée par semaine); 40% (2 journées par semaine); 50% (2,5 journées par semaine); 60% (3 journées par semaine); 70% (3,5 journées par semaine); 80% (4 journées par semaine); 90% (4,5 journées par semaine); 100% (5 journées par semaine); Donnée Non Disponible";""
59;"RE_HEURES_PREVUES_E5_C5_4";"Heures prévues sur le mois considéré";"dbl";71;"";""
60;"RE_HEURES_EFFECTUEES_E5_C5_4";"Heures effectuées sur le mois considéré";"dbl";71;"";""
61;"RE_RATIO_E5_C5_4";"Ratio mensuel";"dbl";71;"";""
62;"RE_REMARQUES_E5_C5_4";"Remarques éventuelles expliquant le déficit en heures";"chr";12;"";""
63;"RE_DUREE_ABSENCE_E5_C5_4";"Durée de l'absence ayant entrainé le déficit en";"dbl";71;"";""
64;"RE_MOIS_ANNEE_E5_C5_5";"Mois considéré";"fct";72;"M1; M2; M3; M4; M5; M6; Donnée Non Disponible";""
65;"RE_QUOTITE_E5_C5_5";"Quotité du temps de travail";"fct";72;"10% (1/2 journée par semaine); 20% (1 journée par semaine); 30% (1,5 journée par semaine); 40% (2 journées par semaine); 50% (2,5 journées par semaine); 60% (3 journées par semaine); 70% (3,5 journées par semaine); 80% (4 journées par semaine); 90% (4,5 journées par semaine); 100% (5 journées par semaine); Donnée Non Disponible";""
66;"RE_HEURES_PREVUES_E5_C5_5";"Heures prévues sur le mois considéré";"dbl";72;"";""
67;"RE_HEURES_EFFECTUEES_E5_C5_5";"Heures effectuées sur le mois considéré";"dbl";72;"";""
68;"RE_RATIO_E5_C5_5";"Ratio mensuel";"dbl";72;"";""
69;"RE_REMARQUES_E5_C5_5";"Remarques éventuelles expliquant le déficit en heures";"chr";12;"";""
70;"RE_DUREE_ABSENCE_E5_C5_5";"Durée de l'absence ayant entrainé le déficit en";"dbl";72;"";""
71;"RE_MOIS_ANNEE_E5_C5_6";"Mois considéré";"fct";72;"M1; M2; M3; M4; M5; M6; Donnée Non Disponible";""
72;"RE_QUOTITE_E5_C5_6";"Quotité du temps de travail";"fct";72;"10% (1/2 journée par semaine); 20% (1 journée par semaine); 30% (1,5 journée par semaine); 40% (2 journées par semaine); 50% (2,5 journées par semaine); 60% (3 journées par semaine); 70% (3,5 journées par semaine); 80% (4 journées par semaine); 90% (4,5 journées par semaine); 100% (5 journées par semaine); Donnée Non Disponible";""
73;"RE_HEURES_PREVUES_E5_C5_6";"Heures prévues sur le mois considéré";"dbl";72;"";""
74;"RE_HEURES_EFFECTUEES_E5_C5_6";"Heures effectuées sur le mois considéré";"dbl";72;"";""
75;"RE_RATIO_E5_C5_6";"Ratio mensuel";"dbl";73;"";""
76;"RE_REMARQUES_E5_C5_6";"Remarques éventuelles expliquant le déficit en heures";"chr";12;"";""
77;"RE_DUREE_ABSENCE_E5_C5_6";"Durée de l'absence ayant entrainé le déficit en";"dbl";72;"";""
78;"RE_PREVUES_TOTAL_E5_C5";"Total Heures Prévues (données récupérées à partir du GRID)";"dbl";12;"";""
79;"RE_EFFECTUEES_TOTAL_E5_C5";"Total heurres Effectuées (données récupérées à partir du GRID)";"dbl";12;"";""
80;"RE_SERS_DATE_E3_C3";"Date de passation de la SERS (exprimée en jj/mm/aaaa)";"date";18;"";""
81;"RE_SERS_Q1_E3_C3";"SERS_Q1";"dbl";18;"";""
82;"RE_SERS_Q2_E3_C3";"SERS_Q2";"dbl";18;"";""
83;"RE_SERS_Q3_E3_C3";"SERS_Q3";"dbl";18;"";""
84;"RE_SERS_Q4_E3_C3";"SERS_Q4";"dbl";18;"";""
85;"RE_SERS_Q5_E3_C3";"SERS_Q5";"dbl";18;"";""
86;"RE_SERS_Q6_E3_C3";"SERS_Q6";"dbl";18;"";""
87;"RE_SERS_Q7_E3_C3";"SERS_Q7";"dbl";18;"";""
88;"RE_SERS_Q8_E3_C3";"SERS_Q8";"dbl";18;"";""
89;"RE_SERS_Q9_E3_C3";"SERS_Q9";"dbl";18;"";""
90;"RE_SERS_Q10_E3_C3";"SERS_Q10";"dbl";18;"";""
91;"RE_SERS_Q11_E3_C3";"SERS_Q11";"dbl";18;"";""
92;"RE_SERS_Q12_E3_C3";"SERS_Q12";"dbl";18;"";""
93;"RE_SERS_Q13_E3_C3";"SERS_Q13";"dbl";18;"";""
94;"RE_SERS_Q14_E3_C3";"SERS_Q14";"dbl";18;"";""
95;"RE_SERS_Q15_E3_C3";"SERS_Q15";"dbl";18;"";""
96;"RE_SERS_Q16_E3_C3";"SERS_Q16";"dbl";18;"";""
97;"RE_SERS_Q17_E3_C3";"SERS_Q17";"dbl";18;"";""
98;"RE_SERS_Q18_E3_C3";"SERS_Q18";"dbl";18;"";""
99;"RE_SERS_Q19_E3_C3";"SERS_Q19";"dbl";18;"";""
100;"RE_SERS_Q20_E3_C3";"SERS_Q20";"dbl";18;"";""
101;"RE_SERS_POS_E3_C3";"SERS - Niveau d'estime positive";"dbl";18;"";""
102;"RE_SERS_NEG_E3_C3";"SERS - Niveau d'estime négative";"dbl";18;"";""
103;"RE_SERS_SC_TOT_E3_C3";"SERS - score total";"dbl";18;"";""
104;"RE_ISMI_DATE_E3_C3";"Date de passation de l'ISMI (exprimée en jj/mm/aaaa)";"date";19;"";""
105;"RE_ISMI_Q1_E3_C3";"ISMI_Q1";"dbl";19;"";""
106;"RE_ISMI_Q2_E3_C3";"ISMI_Q2";"dbl";19;"";""
107;"RE_ISMI_Q3_E3_C3";"ISMI_Q3";"dbl";19;"";""
108;"RE_ISMI_Q4_E3_C3";"ISMI_Q4";"dbl";19;"";""
109;"RE_ISMI_Q5_E3_C3";"ISMI_Q5";"dbl";19;"";""
110;"RE_ISMI_Q6_E3_C3";"ISMI_Q6";"dbl";19;"";""
111;"RE_ISMI_Q7_E3_C3";"ISMI_Q7";"dbl";19;"";""
112;"RE_ISMI_Q8_E3_C3";"ISMI_Q8";"dbl";19;"";""
113;"RE_ISMI_Q9_E3_C3";"ISMI_Q9";"dbl";19;"";""
114;"RE_ISMI_Q10_E3_C3";"ISMI_Q10";"dbl";19;"";""
115;"RE_ISMI_Q11_E3_C3";"ISMI_Q11";"dbl";19;"";""
116;"RE_ISMI_Q12_E3_C3";"ISMI_Q12";"dbl";19;"";""
117;"RE_ISMI_Q13_E3_C3";"ISMI_Q13";"dbl";19;"";""
118;"RE_ISMI_Q14_E3_C3";"ISMI_Q14";"dbl";19;"";""
119;"RE_ISMI_Q15_E3_C3";"ISMI_Q15";"dbl";19;"";""
120;"RE_ISMI_Q16_E3_C3";"ISMI_Q16";"dbl";19;"";""
121;"RE_ISMI_Q17_E3_C3";"ISMI_Q17";"dbl";19;"";""
122;"RE_ISMI_Q18_E3_C3";"ISMI_Q18";"dbl";19;"";""
123;"RE_ISMI_Q19_E3_C3";"ISMI_Q19";"dbl";19;"";""
124;"RE_ISMI_Q20_E3_C3";"ISMI_Q20";"dbl";19;"";""
125;"RE_ISMI_Q21_E3_C3";"ISMI_Q21";"dbl";19;"";""
126;"RE_ISMI_Q22_E3_C3";"ISMI_Q22";"dbl";19;"";""
127;"RE_ISMI_Q23_E3_C3";"ISMI_Q23";"dbl";19;"";""
128;"RE_ISMI_Q24_E3_C3";"ISMI_Q24";"dbl";19;"";""
129;"RE_ISMI_Q25_E3_C3";"ISMI_Q25";"dbl";19;"";""
130;"RE_ISMI_Q26_E3_C3";"ISMI_Q26";"dbl";19;"";""
131;"RE_ISMI_Q27_E3_C3";"ISMI_Q27";"dbl";19;"";""
132;"RE_ISMI_Q28_E3_C3";"ISMI_Q28";"dbl";19;"";""
133;"RE_ISMI_Q29_E3_C3";"ISMI_Q29";"dbl";19;"";""
134;"RE_ISMI_ALIEN_E3_C3";"ISMI - Aliénation";"dbl";19;"";""
135;"RE_ISMI_APPROB_STEREO_E3_C3";"ISMI - Approbation";"dbl";19;"";""
136;"RE_ISMI_EXP_DISCRIM_E3_C3";"ISMI - Discrimination";"dbl";19;"";""
137;"RE_ISMI_RET_SOC_E3_C3";"ISMI - Retrait social";"dbl";19;"";""
138;"RE_ISMI_INTERN_STIGMA_E3_C3";"ISMI - Internalisation de la stigmatisation";"dbl";19;"";""
139;"RE_ISMI_RESIST_STIGMA_E3_C3";"ISMI - Résistance à la stigmatisation (items inversés;";"dbl";19;"";""
140;"RE_ISMI_SC_TOT_E3_C3";"ISMI - Score total";"dbl";19;"";""
141;"RE_STORI_DATE_E3_C3";"Date de passation de la STORI (exprimée en jj/mm/aaaa)";"date";20;"";""
142;"RE_STORI_Q1_E3_C3";"STORI_Q1";"dbl";20;"";""
143;"RE_STORI_Q2_E3_C3";"STORI_Q2";"dbl";20;"";""
144;"RE_STORI_Q3_E3_C3";"STORI_Q3";"dbl";20;"";""
145;"RE_STORI_Q4_E3_C3";"STORI_Q4";"dbl";20;"";""
146;"RE_STORI_Q5_E3_C3";"STORI_Q5";"dbl";20;"";""
147;"RE_STORI_Q6_E3_C3";"STORI_Q6";"dbl";20;"";""
148;"RE_STORI_Q7_E3_C3";"STORI_Q7";"dbl";20;"";""
149;"RE_STORI_Q8_E3_C3";"STORI_Q8";"dbl";20;"";""
150;"RE_STORI_Q9_E3_C3";"STORI_Q9";"dbl";20;"";""
151;"RE_STORI_Q10_E3_C3";"STORI_Q10";"dbl";20;"";""
152;"RE_STORI_Q11_E3_C3";"STORI_Q11";"dbl";20;"";""
153;"RE_STORI_Q12_E3_C3";"STORI_Q12";"dbl";20;"";""
154;"RE_STORI_Q13_E3_C3";"STORI_Q13";"dbl";20;"";""
155;"RE_STORI_Q14_E3_C3";"STORI_Q14";"dbl";20;"";""
156;"RE_STORI_Q15_E3_C3";"STORI_Q15";"dbl";20;"";""
157;"RE_STORI_Q16_E3_C3";"STORI_Q16";"dbl";20;"";""
158;"RE_STORI_Q17_E3_C3";"STORI_Q17";"dbl";20;"";""
159;"RE_STORI_Q18_E3_C3";"STORI_Q18";"dbl";20;"";""
160;"RE_STORI_Q19_E3_C3";"STORI_Q19";"dbl";20;"";""
161;"RE_STORI_Q20_E3_C3";"STORI_Q20";"dbl";20;"";""
162;"RE_STORI_Q21_E3_C3";"STORI_Q21";"dbl";20;"";""
163;"RE_STORI_Q22_E3_C3";"STORI_Q22";"dbl";20;"";""
164;"RE_STORI_Q23_E3_C3";"STORI_Q23";"dbl";20;"";""
165;"RE_STORI_Q24_E3_C3";"STORI_Q24";"dbl";20;"";""
166;"RE_STORI_Q25_E3_C3";"STORI_Q25";"dbl";20;"";""
167;"RE_STORI_Q26_E3_C3";"STORI_Q26";"dbl";20;"";""
168;"RE_STORI_Q27_E3_C3";"STORI_Q27";"dbl";20;"";""
169;"RE_STORI_Q28_E3_C3";"STORI_Q28";"dbl";20;"";""
170;"RE_STORI_Q29_E3_C3";"STORI_Q29";"dbl";20;"";""
171;"RE_STORI_Q30_E3_C3";"STORI_Q30";"dbl";20;"";""
172;"RE_STORI_Q31_E3_C3";"STORI_Q31";"dbl";20;"";""
173;"RE_STORI_Q32_E3_C3";"STORI_Q32";"dbl";20;"";""
174;"RE_STORI_Q33_E3_C3";"STORI_Q33";"dbl";20;"";""
175;"RE_STORI_Q34_E3_C3";"STORI_Q34";"dbl";20;"";""
176;"RE_STORI_Q35_E3_C3";"STORI_Q35";"dbl";20;"";""
177;"RE_STORI_Q36_E3_C3";"STORI_Q36";"dbl";20;"";""
178;"RE_STORI_Q37_E3_C3";"STORI_Q37";"dbl";20;"";""
179;"RE_STORI_Q38_E3_C3";"STORI_Q38";"dbl";20;"";""
180;"RE_STORI_Q39_E3_C3";"STORI_Q39";"dbl";20;"";""
181;"RE_STORI_Q40_E3_C3";"STORI_Q40";"dbl";20;"";""
182;"RE_STORI_Q41_E3_C3";"STORI_Q41";"dbl";20;"";""
183;"RE_STORI_Q42_E3_C3";"STORI_Q42";"dbl";20;"";""
184;"RE_STORI_Q43_E3_C3";"STORI_Q43";"dbl";20;"";""
185;"RE_STORI_Q44_E3_C3";"STORI_Q44";"dbl";20;"";""
186;"RE_STORI_Q45_E3_C3";"STORI_Q45";"dbl";20;"";""
187;"RE_STORI_Q46_E3_C3";"STORI_Q46";"dbl";20;"";""
188;"RE_STORI_Q47_E3_C3";"STORI_Q47";"dbl";20;"";""
189;"RE_STORI_Q48_E3_C3";"STORI_Q48";"dbl";20;"";""
190;"RE_STORI_Q49_E3_C3";"STORI_Q49";"dbl";20;"";""
191;"RE_STORI_Q50_E3_C3";"STORI_Q50";"dbl";20;"";""
192;"RE_STORI_MORATOIRE_E3_C3";"STORI - Moratoire";"dbl";20;"";""
193;"RE_STORI_CONSCIENCE_E3_C3";"STORI - Conscience";"dbl";20;"";""
194;"RE_STORI_PREPARATION_E3_C3";"STORI - Préparation";"dbl";20;"";""
195;"RE_STORI_RECONSTRUCTION_E3_C3";"STORI - Reconstruction";"dbl";20;"";""
196;"RE_STORI_CROISSANCE_E3_C3";"STORI - Croissance";"dbl";20;"";""
197;"RE_STORI_ST_RETABLISSEMENT_E3_C3";"STORI - Stade de rétablissement (stade le plus élevé)";"fct";20;"1 - MORATOIRE; 2 - CONSCIENCE; 3 - PREPARATION; 4 - RECONSTRUCTION; 5 - CROISSANCE";""
198;"RE_STAIA_DATE_E3_C3";"Date de passation de la STAI-A (exprimée en jj/mm/aaaa)";"date";19;"";""
199;"RE_STAIA_Q1_E3_C3";"STAIA_Q1";"dbl";19;"";""
200;"RE_STAIA_Q1inv_E3_C3";"STAIA_Q1inv";"dbl";19;"";""
201;"RE_STAIA_Q2_E3_C3";"STAIA_Q2";"dbl";19;"";""
202;"RE_STAIA_Q2inv_E3_C3";"STAIA_Q2inv";"dbl";19;"";""
203;"RE_STAIA_Q3_E3_C3";"STAIA_Q3";"dbl";19;"";""
204;"RE_STAIA_Q3dir_E3_C3";"STAIA_Q3dir";"dbl";19;"";""
205;"RE_STAIA_Q4_E3_C3";"STAIA_Q4";"dbl";19;"";""
206;"RE_STAIA_Q4dir_E3_C3";"STAIA_Q4dir";"dbl";19;"";""
207;"RE_STAIA_Q5_E3_C3";"STAIA_Q5";"dbl";19;"";""
208;"RE_STAIA_Q5inv_E3_C3";"STAIA_Q5inv";"dbl";19;"";""
209;"RE_STAIA_Q6_E3_C3";"STAIA_Q6";"dbl";19;"";""
210;"RE_STAIA_Q6dir_E3_C3";"STAIA_Q6dir";"dbl";19;"";""
211;"RE_STAIA_Q7_E3_C3";"STAIA_Q7";"dbl";19;"";""
212;"RE_STAIA_Q7dir_E3_C3";"STAIA_Q7dir";"dbl";19;"";""
213;"RE_STAIA_Q8_E3_C3";"STAIA_Q8";"dbl";19;"";""
214;"RE_STAIA_Q8inv_E3_C3";"STAIA_Q8inv";"dbl";19;"";""
215;"RE_STAIA_Q9_E3_C3";"STAIA_Q9";"dbl";19;"";""
216;"RE_STAIA_Q9dir_E3_C3";"STAIA_Q9dir";"dbl";19;"";""
217;"RE_STAIA_Q10_E3_C3";"STAIA_Q10";"dbl";19;"";""
218;"RE_STAIA_Q10inv_E3_C3";"STAIA_Q10inv";"dbl";19;"";""
219;"RE_STAIA_Q11_E3_C3";"STAIA_Q11";"dbl";19;"";""
220;"RE_STAIA_Q11inv_E3_C3";"STAIA_Q11inv";"dbl";19;"";""
221;"RE_STAIA_Q12_E3_C3";"STAIA_Q12";"dbl";19;"";""
222;"RE_STAIA_Q12dir_E3_C3";"STAIA_Q12dir";"dbl";19;"";""
223;"RE_STAIA_Q13_E3_C3";"STAIA_Q13";"dbl";19;"";""
224;"RE_STAIA_Q13dir_E3_C3";"STAIA_Q13dir";"dbl";19;"";""
225;"RE_STAIA_Q14_E3_C3";"STAIA_Q14";"dbl";19;"";""
226;"RE_STAIA_Q14dir_E3_C3";"STAIA_Q14dir";"dbl";19;"";""
227;"RE_STAIA_Q15_E3_C3";"STAIA_Q15";"dbl";19;"";""
228;"RE_STAIA_Q15inv_E3_C3";"STAIA_Q15inv";"dbl";19;"";""
229;"RE_STAIA_Q16_E3_C3";"STAIA_Q16";"dbl";19;"";""
230;"RE_STAIA_Q16inv_E3_C3";"STAIA_Q16inv";"dbl";19;"";""
231;"RE_STAIA_Q17_E3_C3";"STAIA_Q17";"dbl";19;"";""
232;"RE_STAIA_Q17dir_E3_C3";"STAIA_Q17dir";"dbl";19;"";""
233;"RE_STAIA_Q18_E3_C3";"STAIA_Q18";"dbl";19;"";""
234;"RE_STAIA_Q18dir_E3_C3";"STAIA_Q18dir";"dbl";19;"";""
235;"RE_STAIA_Q19_E3_C3";"STAIA_Q19";"dbl";19;"";""
236;"RE_STAIA_Q19inv_E3_C3";"STAIA_Q19inv";"dbl";19;"";""
237;"RE_STAIA_Q20_E3_C3";"STAIA_Q20";"dbl";19;"";""
238;"RE_STAIA_Q20inv_E3_C3";"STAIA_Q20inv";"dbl";19;"";""
239;"RE_STAIA_TOT_E3_C3";"STAIA_TOT";"dbl";19;"";""
240;"RE_STAIB_DATE_E3_C3";"Date de passation de la STAI-B (exprimée en jj/mm/aaaa)";"date";19;"";""
241;"RE_STAIB_Q1_E3_C3";"STAIB_Q1";"dbl";19;"";""
242;"RE_STAIB_Q1inv_E3_C3";"STAIB_Q1inv";"dbl";19;"";""
243;"RE_STAIB_Q2_E3_C3";"STAIB_Q2";"dbl";19;"";""
244;"RE_STAIB_Q2dir_E3_C3";"STAIB_Q2dir";"dbl";19;"";""
245;"RE_STAIB_Q3_E3_C3";"STAIB_Q3";"dbl";19;"";""
246;"RE_STAIB_Q3inv_E3_C3";"STAIB_Q3inv";"dbl";19;"";""
247;"RE_STAIB_Q4_E3_C3";"STAIB_Q4";"dbl";19;"";""
248;"RE_STAIB_Q4dir_E3_C3";"STAIB_Q4dir";"dbl";19;"";""
249;"RE_STAIB_Q5_E3_C3";"STAIB_Q5";"dbl";19;"";""
250;"RE_STAIB_Q5dir_E3_C3";"STAIB_Q5dir";"dbl";19;"";""
251;"RE_STAIB_Q6_E3_C3";"STAIB_Q6";"dbl";19;"";""
252;"RE_STAIB_Q6inv_E3_C3";"STAIB_Q6inv";"dbl";19;"";""
253;"RE_STAIB_Q7_E3_C3";"STAIB_Q7";"dbl";19;"";""
254;"RE_STAIB_Q7inv_E3_C3";"STAIB_Q7inv";"dbl";19;"";""
255;"RE_STAIB_Q8_E3_C3";"STAIB_Q8";"dbl";19;"";""
256;"RE_STAIB_Q8dir_E3_C3";"STAIB_Q8dir";"dbl";19;"";""
257;"RE_STAIB_Q9_E3_C3";"STAIB_Q9";"dbl";19;"";""
258;"RE_STAIB_Q9dir_E3_C3";"STAIB_Q9dir";"dbl";19;"";""
259;"RE_STAIB_Q10_E3_C3";"STAIB_Q10";"dbl";19;"";""
260;"RE_STAIB_Q10inv_E3_C3";"STAIB_Q10inv";"dbl";19;"";""
261;"RE_STAIB_Q11_E3_C3";"STAIB_Q11";"dbl";19;"";""
262;"RE_STAIB_Q11dir_E3_C3";"STAIB_Q11dir";"dbl";19;"";""
263;"RE_STAIB_Q12_E3_C3";"STAIB_Q12";"dbl";19;"";""
264;"RE_STAIB_Q12dir_E3_C3";"STAIB_Q12dir";"dbl";19;"";""
265;"RE_STAIB_Q13_E3_C3";"STAIB_Q13";"dbl";19;"";""
266;"RE_STAIB_Q13inv_E3_C3";"STAIB_Q13inv";"dbl";19;"";""
267;"RE_STAIB_Q14_E3_C3";"STAIB_Q14";"dbl";19;"";""
268;"RE_STAIB_Q14inv_E3_C3";"STAIB_Q14inv";"dbl";19;"";""
269;"RE_STAIB_Q15_E3_C3";"STAIB_Q15";"dbl";19;"";""
270;"RE_STAIB_Q15dir_E3_C3";"STAIB_Q15dir";"dbl";19;"";""
271;"RE_STAIB_Q16_E3_C3";"STAIB_Q16";"dbl";19;"";""
272;"RE_STAIB_Q16inv_E3_C3";"STAIB_Q16inv";"dbl";19;"";""
273;"RE_STAIB_Q17_E3_C3";"STAIB_Q17";"dbl";19;"";""
274;"RE_STAIB_Q17dir_E3_C3";"STAIB_Q17dir";"dbl";19;"";""
275;"RE_STAIB_Q18_E3_C3";"STAIB_Q18";"dbl";19;"";""
276;"RE_STAIB_Q18dir_E3_C3";"STAIB_Q18dir";"dbl";19;"";""
277;"RE_STAIB_Q19_E3_C3";"STAIB_Q19";"dbl";19;"";""
278;"RE_STAIB_Q19inv_E3_C3";"STAIB_Q19inv";"dbl";19;"";""
279;"RE_STAIB_Q20_E3_C3";"STAIB_Q20";"dbl";19;"";""
280;"RE_STAIB_Q20dir_E3_C3";"STAIB_Q20dir";"dbl";19;"";""
281;"RE_STAIB_TOT_E3_C3";"STAIB_TOT";"dbl";19;"";""
282;"RE_ENPSY_DATE_E3_C3";"Date de l'évaluation neuropsy; indispensable pour calculer l'âge réel du patient au moment de l'évaluation et valider les calculs normés";"date";29;"";""
283;"RE_CALC_AGE_E3_C3";"Quel est l'âge du patient à la date de l'évaluation";"dbl";29;"";""
284;"RE_SEXE_E3_C3";"Quel est le sexe du sujet? Masculin/Féminin";"fct";29;"Masculin; Féminin";""
285;"RE_NIVETUD_E3_C3";"Quel est le niveau d'étude du patient (CP = 1; Bac = 12; …) ?";"fct";29;"-12=Inf. Bac, sans précision; 0=Illettrisme; 1=CP; 2=CE1; 3=CE2; 4=CM1; 5=CM2; 6=6ième; 7=5ième; 8=4ième; 9=3ième; 10=2nde ou CAP; 11=1ère ou BEP; 12=Baccalauréat; 13=Licence1; 14=Licence2; 15=Licence3; 16=Master1; 17=Master2; 18=Doctorat; 20=Sup. Bac, sans précision; Non Cotable/Non Pertinent";""
286;"RE_ACSO_E3_C3";"ACSo - Score total par autoévaluation du patient";"dbl";29;"";""
287;"RE_ACSO_H_E3_C3";"ACSo - Score total (hétéroévaluation par le neuropsychologue)";"dbl";58;"";""
288;"RE_MASC_NB_E3_C3";"MASC - Score total";"dbl";29;"";""
289;"RE_MASC_SIGMA_E3_C3";"MASC - Score total (note standard)";"dbl";29;"";""
290;"RE_AIHQ_HB_NB_E3_C3";"Score d'Hostilité";"dbl";29;"";""
291;"RE_AIHQ_HB_SIGMA_E3_C3";"Transformation de la note brute en écart à la moyenne";"dbl";29;"";""
292;"RE_AIHQ_ATTRIB_RESP_NB_E3_C3";"Score d'Attribution de la Responsabilité";"dbl";29;"";""
293;"RE_AIHQ_ATTRIB_RESP_SIGMA_E3_C3";"Transformation de la note brute en écart à la moyenne";"dbl";29;"";""
294;"RE_AIHQ_AB_NB_E3_C3";"Score d'Agression";"dbl";29;"";""
295;"RE_AIHQ_AB_SIGMA_E3_C3";"Transformation de la note brute en écart à la moyenne";"dbl";29;"";""
296;"RE_PERSO_FLU_PONC_E3_C3";"Fluence Ponctuelle";"dbl";29;"";""
297;"RE_PERSO_INTER_LIB_E3_C3";"Interprétation LIBRE";"dbl";29;"";""
298;"RE_PERSO_INTER_INDIC_E3_C3";"Interprétation INDICEE";"dbl";29;"";""
299;"RE_PERSO_INTER_TOTAL_E3_C3";"Interprétation TOTAL";"dbl";29;"";""
300;"RE_PERSO_CONV_SOC_E3_C3";"Conventions Sociales";"dbl";29;"";""
301;"RE_TREF_SD_DEGOUT_NB_E3_C3";"TREF_Seuil de Détection DEGOUT";"dbl";29;"";""
302;"RE_TREF_SD_DEGOUT_SIGMA_E3_C3";"TREF_Sigma Seuil de Détection DEGOUT";"dbl";29;"";""
303;"RE_TREF_SD_MEPRIS_NB_E3_C3";"TREF_Seuil de Détection MEPRIS";"dbl";29;"";""
304;"RE_TREF_SD_MEPRIS_SIGMA_E3_C3";"TREF_Sigma Seuil de Détection MEPRIS";"dbl";29;"";""
305;"RE_TREF_SD_JOIE_NB_E3_C3";"TREF_Seuil de Détection JOIE";"dbl";29;"";""
306;"RE_TREF_SD_JOIE_SIGMA_E3_C3";"TREF_Sigma Seuil de Détection JOIE";"dbl";29;"";""
307;"RE_TREF_SD_PEUR_NB_E3_C3";"TREF_Seuil de Détection PEUR";"dbl";29;"";""
308;"RE_TREF_SD_PEUR_SIGMA_E3_C3";"TREF_Sigma Seuil de Détection PEUR";"dbl";29;"";""
309;"RE_TREF_SD_TRISTESSE_NB_E3_C3";"TREF_Seuil de Détection TRISTESSE";"dbl";29;"";""
310;"RE_TREF_SD_TRISTESSE_SIGMA_E3_C3";"TREF_Sigma Seuil de Détection TRISTESSE";"dbl";29;"";""
311;"RE_TREF_SD_COLERE_NB_E3_C3";"TREF_Seuil de Détection COLERE";"dbl";29;"";""
312;"RE_TREF_SD_COLERE_SIGMA_E3_C3";"TREF_Sigma Seuil de Détection COLERE";"dbl";29;"";""
313;"RE_TREF_SD_TOTAL_NB_E3_C3";"TREF_Seuil de Détection_TOTAL_NB";"dbl";29;"";""
314;"RE_TREF_SD_TOTAL_SIGMA_E3_C3";"TREF_Seuil de Détection_TOTAL_SIGMA";"dbl";29;"";""
315;"IR_TREF_BR_DEGOUT_NB_E3_C3";"TREF_% de Bonnes Réponses DEGOUT";"dbl";30;"";""
316;"IR_TREF_BR_DEGOUT_SIGMA_E3_C3";"TREF_Sigma Bonnes Réponses DEGOUT";"dbl";30;"";""
317;"IR_TREF_BR_MEPRIS_NB_E3_C3";"TREF_% de Bonnes Réponses MEPRIS";"dbl";30;"";""
318;"IR_TREF_BR_MEPRIS_SIGMA_E3_C3";"TREF_Sigma Bonnes Réponses MEPRIS";"dbl";30;"";""
319;"IR_TREF_BR_JOIE_NB_E3_C3";"TREF_% de Bonnes Réponses JOIE";"dbl";30;"";""
320;"IR_TREF_BR_JOIE_SIGMA_E3_C3";"TREF_Sigma Bonnes Réponses JOIE";"dbl";30;"";""
321;"IR_TREF_BR_PEUR_NB_E3_C3";"TREF_% de Bonnes Réponses PEUR";"dbl";30;"";""
322;"IR_TREF_BR_PEUR_SIGMA_E3_C3";"TREF_Sigma Bonnes Réponses PEUR";"dbl";30;"";""
323;"IR_TREF_BR_TRISTESSE_NB_E3_C3";"TREF_% de Bonnes Réponses TRISTESSE";"dbl";30;"";""
324;"IR_TREF_BR_TRISTESSE_SIGMA_E3_C3";"TREF_Sigma Bonnes Réponses TRISTESSE";"dbl";30;"";""
325;"IR_TREF_BR_COLERE_NB_E3_C3";"TREF_% de Bonnes Réponses COLERE";"dbl";30;"";""
326;"IR_TREF_BR_COLERE_SIGMA_E3_C3";"TREF_Sigma Bonnes Réponses COLERE";"dbl";30;"";""
327;"IR_TREF_BR_TOTAL_NB_E3_C3";"TREF_% de Bonnes Réponses_TOTAL_NB";"dbl";30;"";""
328;"IR_TREF_BR_TOTAL_SIGMA_E3_C3";"TREF_% de Bonnes Réponses_TOTAL_SIGMA";"dbl";30;"";""
329;"RE_AIHQ_H_Moy_E3_C3";"AIHQ H Moyenne";"dbl";29;"";""
330;"RE_AIHQ_H_Dev_E3_C3";"AIHQ H Ecart Type";"dbl";29;"";""
331;"RE_AIHQ_ATTRIB_Moy_E3_C3";"AIHQ ATTRIB Moyenne";"dbl";29;"";""
332;"RE_AIHQ_ATTRIB_Dev_E3_C3";"AIHQ ATTRIB Ecart Type";"dbl";29;"";""
333;"RE_AIHQ_AB_Moy_E3_C3";"AIHQ AB Moyenne";"dbl";29;"";""
334;"RE_AIHQ_AB_Dev_E3_C3";"AIHQ AB Ecart Type";"dbl";29;"";""
335;"RE_SERS_DATE_E4_C4";"Date de passation de la SERS (exprimée en jj/mm/aaaa)";"date";72;"";""
336;"RE_SERS_Q1_E4_C4";"SERS_Q1";"dbl";72;"";""
337;"RE_SERS_Q2_E4_C4";"SERS_Q2";"dbl";72;"";""
338;"RE_SERS_Q3_E4_C4";"SERS_Q3";"dbl";72;"";""
339;"RE_SERS_Q4_E4_C4";"SERS_Q4";"dbl";72;"";""
340;"RE_SERS_Q5_E4_C4";"SERS_Q5";"dbl";72;"";""
341;"RE_SERS_Q6_E4_C4";"SERS_Q6";"dbl";72;"";""
342;"RE_SERS_Q7_E4_C4";"SERS_Q7";"dbl";72;"";""
343;"RE_SERS_Q8_E4_C4";"SERS_Q8";"dbl";72;"";""
344;"RE_SERS_Q9_E4_C4";"SERS_Q9";"dbl";72;"";""
345;"RE_SERS_Q10_E4_C4";"SERS_Q10";"dbl";72;"";""
346;"RE_SERS_Q11_E4_C4";"SERS_Q11";"dbl";72;"";""
347;"RE_SERS_Q12_E4_C4";"SERS_Q12";"dbl";72;"";""
348;"RE_SERS_Q13_E4_C4";"SERS_Q13";"dbl";72;"";""
349;"RE_SERS_Q14_E4_C4";"SERS_Q14";"dbl";72;"";""
350;"RE_SERS_Q15_E4_C4";"SERS_Q15";"dbl";72;"";""
351;"RE_SERS_Q16_E4_C4";"SERS_Q16";"dbl";72;"";""
352;"RE_SERS_Q17_E4_C4";"SERS_Q17";"dbl";72;"";""
353;"RE_SERS_Q18_E4_C4";"SERS_Q18";"dbl";72;"";""
354;"RE_SERS_Q19_E4_C4";"SERS_Q19";"dbl";72;"";""
355;"RE_SERS_Q20_E4_C4";"SERS_Q20";"dbl";72;"";""
356;"RE_SERS_POS_E4_C4";"SERS - Niveau d'estime positive";"dbl";72;"";""
357;"RE_SERS_NEG_E4_C4";"SERS - Niveau d'estime négative";"dbl";72;"";""
358;"RE_SERS_SC_TOT_E4_C4";"SERS - score total";"dbl";72;"";""
359;"RE_ISMI_DATE_E4_C4";"Date de passation de l'ISMI (exprimée en jj/mm/aaaa)";"date";72;"";""
360;"RE_ISMI_Q1_E4_C4";"ISMI_Q1";"dbl";72;"";""
361;"RE_ISMI_Q2_E4_C4";"ISMI_Q2";"dbl";72;"";""
362;"RE_ISMI_Q3_E4_C4";"ISMI_Q3";"dbl";72;"";""
363;"RE_ISMI_Q4_E4_C4";"ISMI_Q4";"dbl";72;"";""
364;"RE_ISMI_Q5_E4_C4";"ISMI_Q5";"dbl";72;"";""
365;"RE_ISMI_Q6_E4_C4";"ISMI_Q6";"dbl";72;"";""
366;"RE_ISMI_Q7_E4_C4";"ISMI_Q7";"dbl";72;"";""
367;"RE_ISMI_Q8_E4_C4";"ISMI_Q8";"dbl";72;"";""
368;"RE_ISMI_Q9_E4_C4";"ISMI_Q9";"dbl";72;"";""
369;"RE_ISMI_Q10_E4_C4";"ISMI_Q10";"dbl";72;"";""
370;"RE_ISMI_Q11_E4_C4";"ISMI_Q11";"dbl";72;"";""
371;"RE_ISMI_Q12_E4_C4";"ISMI_Q12";"dbl";72;"";""
372;"RE_ISMI_Q13_E4_C4";"ISMI_Q13";"dbl";72;"";""
373;"RE_ISMI_Q14_E4_C4";"ISMI_Q14";"dbl";72;"";""
374;"RE_ISMI_Q15_E4_C4";"ISMI_Q15";"dbl";72;"";""
375;"RE_ISMI_Q16_E4_C4";"ISMI_Q16";"dbl";72;"";""
376;"RE_ISMI_Q17_E4_C4";"ISMI_Q17";"dbl";72;"";""
377;"RE_ISMI_Q18_E4_C4";"ISMI_Q18";"dbl";72;"";""
378;"RE_ISMI_Q19_E4_C4";"ISMI_Q19";"dbl";72;"";""
379;"RE_ISMI_Q20_E4_C4";"ISMI_Q20";"dbl";72;"";""
380;"RE_ISMI_Q21_E4_C4";"ISMI_Q21";"dbl";72;"";""
381;"RE_ISMI_Q22_E4_C4";"ISMI_Q22";"dbl";72;"";""
382;"RE_ISMI_Q23_E4_C4";"ISMI_Q23";"dbl";72;"";""
383;"RE_ISMI_Q24_E4_C4";"ISMI_Q24";"dbl";72;"";""
384;"RE_ISMI_Q25_E4_C4";"ISMI_Q25";"dbl";72;"";""
385;"RE_ISMI_Q26_E4_C4";"ISMI_Q26";"dbl";72;"";""
386;"RE_ISMI_Q27_E4_C4";"ISMI_Q27";"dbl";72;"";""
387;"RE_ISMI_Q28_E4_C4";"ISMI_Q28";"dbl";72;"";""
388;"RE_ISMI_Q29_E4_C4";"ISMI_Q29";"dbl";72;"";""
389;"RE_ISMI_ALIEN_E4_C4";"ISMI - Aliénation";"dbl";72;"";""
390;"RE_ISMI_APPROB_STEREO_E4_C4";"ISMI - Approbation";"dbl";72;"";""
391;"RE_ISMI_EXP_DISCRIM_E4_C4";"ISMI - Discrimination";"dbl";72;"";""
392;"RE_ISMI_RET_SOC_E4_C4";"ISMI - Retrait social";"dbl";72;"";""
393;"RE_ISMI_INTERN_STIGMA_E4_C4";"ISMI - Internalisation de la stigmatisation";"dbl";72;"";""
394;"RE_ISMI_RESIST_STIGMA_E4_C4";"ISMI - Résistance à la stigmatisation (items inversés;";"dbl";72;"";""
395;"RE_ISMI_SC_TOT_E4_C4";"ISMI - Score total";"dbl";72;"";""
396;"RE_STORI_DATE_E4_C4";"Date de passation de la STORI (exprimée en jj/mm/aaaa)";"date";73;"";""
397;"RE_STORI_Q1_E4_C4";"STORI_Q1";"dbl";73;"";""
398;"RE_STORI_Q2_E4_C4";"STORI_Q2";"dbl";73;"";""
399;"RE_STORI_Q3_E4_C4";"STORI_Q3";"dbl";73;"";""
400;"RE_STORI_Q4_E4_C4";"STORI_Q4";"dbl";73;"";""
401;"RE_STORI_Q5_E4_C4";"STORI_Q5";"dbl";73;"";""
402;"RE_STORI_Q6_E4_C4";"STORI_Q6";"dbl";73;"";""
403;"RE_STORI_Q7_E4_C4";"STORI_Q7";"dbl";73;"";""
404;"RE_STORI_Q8_E4_C4";"STORI_Q8";"dbl";73;"";""
405;"RE_STORI_Q9_E4_C4";"STORI_Q9";"dbl";73;"";""
406;"RE_STORI_Q10_E4_C4";"STORI_Q10";"dbl";73;"";""
407;"RE_STORI_Q11_E4_C4";"STORI_Q11";"dbl";73;"";""
408;"RE_STORI_Q12_E4_C4";"STORI_Q12";"dbl";73;"";""
409;"RE_STORI_Q13_E4_C4";"STORI_Q13";"dbl";73;"";""
410;"RE_STORI_Q14_E4_C4";"STORI_Q14";"dbl";73;"";""
411;"RE_STORI_Q15_E4_C4";"STORI_Q15";"dbl";73;"";""
412;"RE_STORI_Q16_E4_C4";"STORI_Q16";"dbl";73;"";""
413;"RE_STORI_Q17_E4_C4";"STORI_Q17";"dbl";73;"";""
414;"RE_STORI_Q18_E4_C4";"STORI_Q18";"dbl";73;"";""
415;"RE_STORI_Q19_E4_C4";"STORI_Q19";"dbl";73;"";""
416;"RE_STORI_Q20_E4_C4";"STORI_Q20";"dbl";73;"";""
417;"RE_STORI_Q21_E4_C4";"STORI_Q21";"dbl";73;"";""
418;"RE_STORI_Q22_E4_C4";"STORI_Q22";"dbl";73;"";""
419;"RE_STORI_Q23_E4_C4";"STORI_Q23";"dbl";73;"";""
420;"RE_STORI_Q24_E4_C4";"STORI_Q24";"dbl";73;"";""
421;"RE_STORI_Q25_E4_C4";"STORI_Q25";"dbl";73;"";""
422;"RE_STORI_Q26_E4_C4";"STORI_Q26";"dbl";73;"";""
423;"RE_STORI_Q27_E4_C4";"STORI_Q27";"dbl";73;"";""
424;"RE_STORI_Q28_E4_C4";"STORI_Q28";"dbl";73;"";""
425;"RE_STORI_Q29_E4_C4";"STORI_Q29";"dbl";73;"";""
426;"RE_STORI_Q30_E4_C4";"STORI_Q30";"dbl";73;"";""
427;"RE_STORI_Q31_E4_C4";"STORI_Q31";"dbl";73;"";""
428;"RE_STORI_Q32_E4_C4";"STORI_Q32";"dbl";73;"";""
429;"RE_STORI_Q33_E4_C4";"STORI_Q33";"dbl";73;"";""
430;"RE_STORI_Q34_E4_C4";"STORI_Q34";"dbl";73;"";""
431;"RE_STORI_Q35_E4_C4";"STORI_Q35";"dbl";73;"";""
432;"RE_STORI_Q36_E4_C4";"STORI_Q36";"dbl";73;"";""
433;"RE_STORI_Q37_E4_C4";"STORI_Q37";"dbl";73;"";""
434;"RE_STORI_Q38_E4_C4";"STORI_Q38";"dbl";73;"";""
435;"RE_STORI_Q39_E4_C4";"STORI_Q39";"dbl";73;"";""
436;"RE_STORI_Q40_E4_C4";"STORI_Q40";"dbl";73;"";""
437;"RE_STORI_Q41_E4_C4";"STORI_Q41";"dbl";73;"";""
438;"RE_STORI_Q42_E4_C4";"STORI_Q42";"dbl";73;"";""
439;"RE_STORI_Q43_E4_C4";"STORI_Q43";"dbl";73;"";""
440;"RE_STORI_Q44_E4_C4";"STORI_Q44";"dbl";73;"";""
441;"RE_STORI_Q45_E4_C4";"STORI_Q45";"dbl";73;"";""
442;"RE_STORI_Q46_E4_C4";"STORI_Q46";"dbl";73;"";""
443;"RE_STORI_Q47_E4_C4";"STORI_Q47";"dbl";73;"";""
444;"RE_STORI_Q48_E4_C4";"STORI_Q48";"dbl";73;"";""
445;"RE_STORI_Q49_E4_C4";"STORI_Q49";"dbl";73;"";""
446;"RE_STORI_Q50_E4_C4";"STORI_Q50";"dbl";73;"";""
447;"RE_STORI_MORATOIRE_E4_C4";"STORI - Moratoire";"dbl";73;"";""
448;"RE_STORI_CONSCIENCE_E4_C4";"STORI - Conscience";"dbl";73;"";""
449;"RE_STORI_PREPARATION_E4_C4";"STORI - Préparation";"dbl";73;"";""
450;"RE_STORI_RECONSTRUCTION_E4_C4";"STORI - Reconstruction";"dbl";73;"";""
451;"RE_STORI_CROISSANCE_E4_C4";"STORI - Croissance";"dbl";73;"";""
452;"RE_STORI_ST_RETABLISSEMENT_E4_C4";"STORI - Stade de rétablissement (stade le plus élevé)";"fct";73;"1 - MORATOIRE; 2 - CONSCIENCE; 3 - PREPARATION; 4 - RECONSTRUCTION; 5 - CROISSANCE";""
453;"RE_STAIA_DATE_E4_C4";"Date de passation de la STAI-A (exprimée en jj/mm/aaaa)";"date";72;"";""
454;"RE_STAIA_Q1_E4_C4";"STAIA_Q1";"dbl";72;"";""
455;"RE_STAIA_Q1inv_E4_C4";"STAIA_Q1inv";"dbl";72;"";""
456;"RE_STAIA_Q2_E4_C4";"STAIA_Q2";"dbl";72;"";""
457;"RE_STAIA_Q2inv_E4_C4";"STAIA_Q2inv";"dbl";72;"";""
458;"RE_STAIA_Q3_E4_C4";"STAIA_Q3";"dbl";72;"";""
459;"RE_STAIA_Q3dir_E4_C4";"STAIA_Q3dir";"dbl";72;"";""
460;"RE_STAIA_Q4_E4_C4";"STAIA_Q4";"dbl";72;"";""
461;"RE_STAIA_Q4dir_E4_C4";"STAIA_Q4dir";"dbl";72;"";""
462;"RE_STAIA_Q5_E4_C4";"STAIA_Q5";"dbl";72;"";""
463;"RE_STAIA_Q5inv_E4_C4";"STAIA_Q5inv";"dbl";72;"";""
464;"RE_STAIA_Q6_E4_C4";"STAIA_Q6";"dbl";72;"";""
465;"RE_STAIA_Q6dir_E4_C4";"STAIA_Q6dir";"dbl";72;"";""
466;"RE_STAIA_Q7_E4_C4";"STAIA_Q7";"dbl";72;"";""
467;"RE_STAIA_Q7dir_E4_C4";"STAIA_Q7dir";"dbl";72;"";""
468;"RE_STAIA_Q8_E4_C4";"STAIA_Q8";"dbl";72;"";""
469;"RE_STAIA_Q8inv_E4_C4";"STAIA_Q8inv";"dbl";72;"";""
470;"RE_STAIA_Q9_E4_C4";"STAIA_Q9";"dbl";72;"";""
471;"RE_STAIA_Q9dir_E4_C4";"STAIA_Q9dir";"dbl";72;"";""
472;"RE_STAIA_Q10_E4_C4";"STAIA_Q10";"dbl";72;"";""
473;"RE_STAIA_Q10inv_E4_C4";"STAIA_Q10inv";"dbl";72;"";""
474;"RE_STAIA_Q11_E4_C4";"STAIA_Q11";"dbl";72;"";""
475;"RE_STAIA_Q11inv_E4_C4";"STAIA_Q11inv";"dbl";72;"";""
476;"RE_STAIA_Q12_E4_C4";"STAIA_Q12";"dbl";72;"";""
477;"RE_STAIA_Q12dir_E4_C4";"STAIA_Q12dir";"dbl";72;"";""
478;"RE_STAIA_Q13_E4_C4";"STAIA_Q13";"dbl";72;"";""
479;"RE_STAIA_Q13dir_E4_C4";"STAIA_Q13dir";"dbl";72;"";""
480;"RE_STAIA_Q14_E4_C4";"STAIA_Q14";"dbl";72;"";""
481;"RE_STAIA_Q14dir_E4_C4";"STAIA_Q14dir";"dbl";72;"";""
482;"RE_STAIA_Q15_E4_C4";"STAIA_Q15";"dbl";72;"";""
483;"RE_STAIA_Q15inv_E4_C4";"STAIA_Q15inv";"dbl";72;"";""
484;"RE_STAIA_Q16_E4_C4";"STAIA_Q16";"dbl";72;"";""
485;"RE_STAIA_Q16inv_E4_C4";"STAIA_Q16inv";"dbl";72;"";""
486;"RE_STAIA_Q17_E4_C4";"STAIA_Q17";"dbl";72;"";""
487;"RE_STAIA_Q17dir_E4_C4";"STAIA_Q17dir";"dbl";72;"";""
488;"RE_STAIA_Q18_E4_C4";"STAIA_Q18";"dbl";72;"";""
489;"RE_STAIA_Q18dir_E4_C4";"STAIA_Q18dir";"dbl";72;"";""
490;"RE_STAIA_Q19_E4_C4";"STAIA_Q19";"dbl";72;"";""
491;"RE_STAIA_Q19inv_E4_C4";"STAIA_Q19inv";"dbl";72;"";""
492;"RE_STAIA_Q20_E4_C4";"STAIA_Q20";"dbl";72;"";""
493;"RE_STAIA_Q20inv_E4_C4";"STAIA_Q20inv";"dbl";72;"";""
494;"RE_STAIA_TOT_E4_C4";"STAIA_TOT";"dbl";72;"";""
495;"RE_STAIB_DATE_E4_C4";"Date de passation de la STAI-B (exprimée en jj/mm/aaaa)";"date";72;"";""
496;"RE_STAIB_Q1_E4_C4";"STAIB_Q1";"dbl";72;"";""
497;"RE_STAIB_Q1inv_E4_C4";"STAIB_Q1inv";"dbl";72;"";""
498;"RE_STAIB_Q2_E4_C4";"STAIB_Q2";"dbl";72;"";""
499;"RE_STAIB_Q2dir_E4_C4";"STAIB_Q2dir";"dbl";72;"";""
500;"RE_STAIB_Q3_E4_C4";"STAIB_Q3";"dbl";72;"";""
501;"RE_STAIB_Q3inv_E4_C4";"STAIB_Q3inv";"dbl";72;"";""
502;"RE_STAIB_Q4_E4_C4";"STAIB_Q4";"dbl";72;"";""
503;"RE_STAIB_Q4dir_E4_C4";"STAIB_Q4dir";"dbl";72;"";""
504;"RE_STAIB_Q5_E4_C4";"STAIB_Q5";"dbl";72;"";""
505;"RE_STAIB_Q5dir_E4_C4";"STAIB_Q5dir";"dbl";72;"";""
506;"RE_STAIB_Q6_E4_C4";"STAIB_Q6";"dbl";72;"";""
507;"RE_STAIB_Q6inv_E4_C4";"STAIB_Q6inv";"dbl";72;"";""
508;"RE_STAIB_Q7_E4_C4";"STAIB_Q7";"dbl";72;"";""
509;"RE_STAIB_Q7inv_E4_C4";"STAIB_Q7inv";"dbl";72;"";""
510;"RE_STAIB_Q8_E4_C4";"STAIB_Q8";"dbl";72;"";""
511;"RE_STAIB_Q8dir_E4_C4";"STAIB_Q8dir";"dbl";72;"";""
512;"RE_STAIB_Q9_E4_C4";"STAIB_Q9";"dbl";72;"";""
513;"RE_STAIB_Q9dir_E4_C4";"STAIB_Q9dir";"dbl";72;"";""
514;"RE_STAIB_Q10_E4_C4";"STAIB_Q10";"dbl";72;"";""
515;"RE_STAIB_Q10inv_E4_C4";"STAIB_Q10inv";"dbl";72;"";""
516;"RE_STAIB_Q11_E4_C4";"STAIB_Q11";"dbl";72;"";""
517;"RE_STAIB_Q11dir_E4_C4";"STAIB_Q11dir";"dbl";72;"";""
518;"RE_STAIB_Q12_E4_C4";"STAIB_Q12";"dbl";72;"";""
519;"RE_STAIB_Q12dir_E4_C4";"STAIB_Q12dir";"dbl";72;"";""
520;"RE_STAIB_Q13_E4_C4";"STAIB_Q13";"dbl";72;"";""
521;"RE_STAIB_Q13inv_E4_C4";"STAIB_Q13inv";"dbl";72;"";""
522;"RE_STAIB_Q14_E4_C4";"STAIB_Q14";"dbl";72;"";""
523;"RE_STAIB_Q14inv_E4_C4";"STAIB_Q14inv";"dbl";72;"";""
524;"RE_STAIB_Q15_E4_C4";"STAIB_Q15";"dbl";72;"";""
525;"RE_STAIB_Q15dir_E4_C4";"STAIB_Q15dir";"dbl";72;"";""
526;"RE_STAIB_Q16_E4_C4";"STAIB_Q16";"dbl";72;"";""
527;"RE_STAIB_Q16inv_E4_C4";"STAIB_Q16inv";"dbl";72;"";""
528;"RE_STAIB_Q17_E4_C4";"STAIB_Q17";"dbl";72;"";""
529;"RE_STAIB_Q17dir_E4_C4";"STAIB_Q17dir";"dbl";72;"";""
530;"RE_STAIB_Q18_E4_C4";"STAIB_Q18";"dbl";72;"";""
531;"RE_STAIB_Q18dir_E4_C4";"STAIB_Q18dir";"dbl";72;"";""
532;"RE_STAIB_Q19_E4_C4";"STAIB_Q19";"dbl";72;"";""
533;"RE_STAIB_Q19inv_E4_C4";"STAIB_Q19inv";"dbl";72;"";""
534;"RE_STAIB_Q20_E4_C4";"STAIB_Q20";"dbl";72;"";""
535;"RE_STAIB_Q20dir_E4_C4";"STAIB_Q20dir";"dbl";72;"";""
536;"RE_STAIB_TOT_E4_C4";"STAIB_TOT";"dbl";72;"";""
537;"RE_ENPSY_DATE_E4_C4";"Date de l'évaluation neuropsy; indispensable pour calculer l'âge réel du patient au moment de l'évaluation et valider les calculs normés";"date";73;"";""
538;"RE_CALC_AGE_E4_C4";"Quel est l'âge du patient à la date de l'évaluation";"dbl";73;"";""
539;"RE_SEXE_E4_C4";"Quel est le sexe du sujet? Masculin/Féminin";"fct";73;"Masculin; Féminin";""
540;"RE_NIVETUD_E4_C4";"Quel est le niveau d'étude du patient (CP = 1; Bac = 12; …) ?";"fct";73;"-12=Inf. Bac, sans précision; 0=Illettrisme; 1=CP; 2=CE1; 3=CE2; 4=CM1; 5=CM2; 6=6ième; 7=5ième; 8=4ième; 9=3ième; 10=2nde ou CAP; 11=1ère ou BEP; 12=Baccalauréat; 13=Licence1; 14=Licence2; 15=Licence3; 16=Master1; 17=Master2; 18=Doctorat; 20=Sup. Bac, sans précision; Non Cotable/Non Pertinent";""
541;"RE_ACSO_E4_C4";"ACSo - Score total par autoévaluation du patient";"dbl";73;"";""
542;"RE_ACSO_H_E4_C4";"ACSo - Score total (hétéroévaluation par le neuropsychologue)";"dbl";85;"";""
543;"RE_MASC_NB_E4_C4";"MASC - Score total";"dbl";73;"";""
544;"RE_MASC_SIGMA_E4_C4";"MASC - Score total (note standard)";"dbl";73;"";""
545;"RE_AIHQ_HB_NB_E4_C4";"Score d'Hostilité";"dbl";73;"";""
546;"RE_AIHQ_HB_SIGMA_E4_C4";"Transformation de la note brute en écart à la moyenne";"dbl";75;"";""
547;"RE_AIHQ_ATTRIB_RESP_NB_E4_C4";"Score d'Attribution de la Responsabilité";"dbl";73;"";""
548;"RE_AIHQ_ATTRIB_RESP_SIGMA_E4_C4";"Transformation de la note brute en écart à la moyenne";"dbl";75;"";""
549;"RE_AIHQ_AB_NB_E4_C4";"Score d'Agression";"dbl";73;"";""
550;"RE_AIHQ_AB_SIGMA_E4_C4";"Transformation de la note brute en écart à la moyenne";"dbl";75;"";""
551;"RE_PERSO_FLU_PONC_E4_C4";"Fluence Ponctuelle";"dbl";73;"";""
552;"RE_PERSO_INTER_LIB_E4_C4";"Interprétation LIBRE";"dbl";73;"";""
553;"RE_PERSO_INTER_INDIC_E4_C4";"Interprétation INDICEE";"dbl";73;"";""
554;"RE_PERSO_INTER_TOTAL_E4_C4";"Interprétation TOTAL";"dbl";73;"";""
555;"RE_PERSO_CONV_SOC_E4_C4";"Conventions Sociales";"dbl";73;"";""
556;"RE_TREF_SD_DEGOUT_NB_E4_C4";"TREF_Seuil de Détection DEGOUT";"dbl";73;"";""
557;"RE_TREF_SD_DEGOUT_SIGMA_E4_C4";"TREF_Sigma Seuil de Détection DEGOUT";"dbl";73;"";""
558;"RE_TREF_SD_MEPRIS_NB_E4_C4";"TREF_Seuil de Détection MEPRIS";"dbl";73;"";""
559;"RE_TREF_SD_MEPRIS_SIGMA_E4_C4";"TREF_Sigma Seuil de Détection MEPRIS";"dbl";73;"";""
560;"RE_TREF_SD_JOIE_NB_E4_C4";"TREF_Seuil de Détection JOIE";"dbl";73;"";""
561;"RE_TREF_SD_JOIE_SIGMA_E4_C4";"TREF_Sigma Seuil de Détection JOIE";"dbl";73;"";""
562;"RE_TREF_SD_PEUR_NB_E4_C4";"TREF_Seuil de Détection PEUR";"dbl";73;"";""
563;"RE_TREF_SD_PEUR_SIGMA_E4_C4";"TREF_Sigma Seuil de Détection PEUR";"dbl";73;"";""
564;"RE_TREF_SD_TRISTESSE_NB_E4_C4";"TREF_Seuil de Détection TRISTESSE";"dbl";73;"";""
565;"RE_TREF_SD_TRISTESSE_SIGMA_E4_C4";"TREF_Sigma Seuil de Détection TRISTESSE";"dbl";73;"";""
566;"RE_TREF_SD_COLERE_NB_E4_C4";"TREF_Seuil de Détection COLERE";"dbl";73;"";""
567;"RE_TREF_SD_COLERE_SIGMA_E4_C4";"TREF_Sigma Seuil de Détection COLERE";"dbl";73;"";""
568;"RE_TREF_SD_TOTAL_NB_E4_C4";"TREF_Seuil de Détection_TOTAL_NB";"dbl";73;"";""
569;"RE_TREF_SD_TOTAL_SIGMA_E4_C4";"TREF_Seuil de Détection_TOTAL_SIGMA";"dbl";73;"";""
570;"IR_TREF_BR_DEGOUT_NB_E4_C4";"TREF_% de Bonnes Réponses DEGOUT";"dbl";73;"";""
571;"IR_TREF_BR_DEGOUT_SIGMA_E4_C4";"TREF_Sigma Bonnes Réponses DEGOUT";"dbl";74;"";""
572;"IR_TREF_BR_MEPRIS_NB_E4_C4";"TREF_% de Bonnes Réponses MEPRIS";"dbl";73;"";""
573;"IR_TREF_BR_MEPRIS_SIGMA_E4_C4";"TREF_Sigma Bonnes Réponses MEPRIS";"dbl";73;"";""
574;"IR_TREF_BR_JOIE_NB_E4_C4";"TREF_% de Bonnes Réponses JOIE";"dbl";73;"";""
575;"IR_TREF_BR_JOIE_SIGMA_E4_C4";"TREF_Sigma Bonnes Réponses JOIE";"dbl";73;"";""
576;"IR_TREF_BR_PEUR_NB_E4_C4";"TREF_% de Bonnes Réponses PEUR";"dbl";73;"";""
577;"IR_TREF_BR_PEUR_SIGMA_E4_C4";"TREF_Sigma Bonnes Réponses PEUR";"dbl";73;"";""
578;"IR_TREF_BR_TRISTESSE_NB_E4_C4";"TREF_% de Bonnes Réponses TRISTESSE";"dbl";73;"";""
579;"IR_TREF_BR_TRISTESSE_SIGMA_E4_C4";"TREF_Sigma Bonnes Réponses TRISTESSE";"dbl";73;"";""
580;"IR_TREF_BR_COLERE_NB_E4_C4";"TREF_% de Bonnes Réponses COLERE";"dbl";73;"";""
581;"IR_TREF_BR_COLERE_SIGMA_E4_C4";"TREF_Sigma Bonnes Réponses COLERE";"dbl";73;"";""
582;"IR_TREF_BR_TOTAL_NB_E4_C4";"TREF_% de Bonnes Réponses_TOTAL_NB";"dbl";73;"";""
583;"IR_TREF_BR_TOTAL_SIGMA_E4_C4";"TREF_% de Bonnes Réponses_TOTAL_SIGMA";"dbl";73;"";""
584;"RE_AIHQ_H_Moy_E4_C4";"AIHQ H Moyenne";"dbl";75;"";""
585;"RE_AIHQ_H_Dev_E4_C4";"AIHQ H Ecart Type";"dbl";75;"";""
586;"RE_AIHQ_ATTRIB_Moy_E4_C4";"AIHQ ATTRIB Moyenne";"dbl";75;"";""
587;"RE_AIHQ_ATTRIB_Dev_E4_C4";"AIHQ ATTRIB Ecart Type";"dbl";75;"";""
588;"RE_AIHQ_AB_Moy_E4_C4";"AIHQ AB Moyenne";"dbl";75;"";""
589;"RE_AIHQ_AB_Dev_E4_C4";"AIHQ AB Ecart Type";"dbl";75;"";""
590;"RE_SERS_DATE_E6_C6";"Date de passation de la SERS (exprimée en jj/mm/aaaa)";"date";84;"";""
591;"RE_SERS_Q1_E6_C6";"SERS_Q1";"dbl";84;"";""
592;"RE_SERS_Q2_E6_C6";"SERS_Q2";"dbl";84;"";""
593;"RE_SERS_Q3_E6_C6";"SERS_Q3";"dbl";84;"";""
594;"RE_SERS_Q4_E6_C6";"SERS_Q4";"dbl";84;"";""
595;"RE_SERS_Q5_E6_C6";"SERS_Q5";"dbl";84;"";""
596;"RE_SERS_Q6_E6_C6";"SERS_Q6";"dbl";84;"";""
597;"RE_SERS_Q7_E6_C6";"SERS_Q7";"dbl";84;"";""
598;"RE_SERS_Q8_E6_C6";"SERS_Q8";"dbl";84;"";""
599;"RE_SERS_Q9_E6_C6";"SERS_Q9";"dbl";84;"";""
600;"RE_SERS_Q10_E6_C6";"SERS_Q10";"dbl";84;"";""
601;"RE_SERS_Q11_E6_C6";"SERS_Q11";"dbl";84;"";""
602;"RE_SERS_Q12_E6_C6";"SERS_Q12";"dbl";84;"";""
603;"RE_SERS_Q13_E6_C6";"SERS_Q13";"dbl";84;"";""
604;"RE_SERS_Q14_E6_C6";"SERS_Q14";"dbl";84;"";""
605;"RE_SERS_Q15_E6_C6";"SERS_Q15";"dbl";84;"";""
606;"RE_SERS_Q16_E6_C6";"SERS_Q16";"dbl";84;"";""
607;"RE_SERS_Q17_E6_C6";"SERS_Q17";"dbl";84;"";""
608;"RE_SERS_Q18_E6_C6";"SERS_Q18";"dbl";84;"";""
609;"RE_SERS_Q19_E6_C6";"SERS_Q19";"dbl";84;"";""
610;"RE_SERS_Q20_E6_C6";"SERS_Q20";"dbl";84;"";""
611;"RE_SERS_POS_E6_C6";"SERS - Niveau d'estime positive";"dbl";84;"";""
612;"RE_SERS_NEG_E6_C6";"SERS - Niveau d'estime négative";"dbl";84;"";""
613;"RE_SERS_SC_TOT_E6_C6";"SERS - score total";"dbl";84;"";""
614;"RE_ISMI_DATE_E6_C6";"Date de passation de l'ISMI (exprimée en jj/mm/aaaa)";"date";84;"";""
615;"RE_ISMI_Q1_E6_C6";"ISMI_Q1";"dbl";84;"";""
616;"RE_ISMI_Q2_E6_C6";"ISMI_Q2";"dbl";84;"";""
617;"RE_ISMI_Q3_E6_C6";"ISMI_Q3";"dbl";84;"";""
618;"RE_ISMI_Q4_E6_C6";"ISMI_Q4";"dbl";84;"";""
619;"RE_ISMI_Q5_E6_C6";"ISMI_Q5";"dbl";84;"";""
620;"RE_ISMI_Q6_E6_C6";"ISMI_Q6";"dbl";84;"";""
621;"RE_ISMI_Q7_E6_C6";"ISMI_Q7";"dbl";84;"";""
622;"RE_ISMI_Q8_E6_C6";"ISMI_Q8";"dbl";84;"";""
623;"RE_ISMI_Q9_E6_C6";"ISMI_Q9";"dbl";84;"";""
624;"RE_ISMI_Q10_E6_C6";"ISMI_Q10";"dbl";84;"";""
625;"RE_ISMI_Q11_E6_C6";"ISMI_Q11";"dbl";84;"";""
626;"RE_ISMI_Q12_E6_C6";"ISMI_Q12";"dbl";84;"";""
627;"RE_ISMI_Q13_E6_C6";"ISMI_Q13";"dbl";84;"";""
628;"RE_ISMI_Q14_E6_C6";"ISMI_Q14";"dbl";84;"";""
629;"RE_ISMI_Q15_E6_C6";"ISMI_Q15";"dbl";84;"";""
630;"RE_ISMI_Q16_E6_C6";"ISMI_Q16";"dbl";84;"";""
631;"RE_ISMI_Q17_E6_C6";"ISMI_Q17";"dbl";84;"";""
632;"RE_ISMI_Q18_E6_C6";"ISMI_Q18";"dbl";84;"";""
633;"RE_ISMI_Q19_E6_C6";"ISMI_Q19";"dbl";84;"";""
634;"RE_ISMI_Q20_E6_C6";"ISMI_Q20";"dbl";84;"";""
635;"RE_ISMI_Q21_E6_C6";"ISMI_Q21";"dbl";84;"";""
636;"RE_ISMI_Q22_E6_C6";"ISMI_Q22";"dbl";84;"";""
637;"RE_ISMI_Q23_E6_C6";"ISMI_Q23";"dbl";84;"";""
638;"RE_ISMI_Q24_E6_C6";"ISMI_Q24";"dbl";84;"";""
639;"RE_ISMI_Q25_E6_C6";"ISMI_Q25";"dbl";84;"";""
640;"RE_ISMI_Q26_E6_C6";"ISMI_Q26";"dbl";84;"";""
641;"RE_ISMI_Q27_E6_C6";"ISMI_Q27";"dbl";84;"";""
642;"RE_ISMI_Q28_E6_C6";"ISMI_Q28";"dbl";84;"";""
643;"RE_ISMI_Q29_E6_C6";"ISMI_Q29";"dbl";84;"";""
644;"RE_ISMI_ALIEN_E6_C6";"ISMI - Aliénation";"dbl";84;"";""
645;"RE_ISMI_APPROB_STEREO_E6_C6";"ISMI - Approbation";"dbl";84;"";""
646;"RE_ISMI_EXP_DISCRIM_E6_C6";"ISMI - Discrimination";"dbl";84;"";""
647;"RE_ISMI_RET_SOC_E6_C6";"ISMI - Retrait social";"dbl";84;"";""
648;"RE_ISMI_INTERN_STIGMA_E6_C6";"ISMI - Internalisation de la stigmatisation";"dbl";84;"";""
649;"RE_ISMI_RESIST_STIGMA_E6_C6";"ISMI - Résistance à la stigmatisation (items inversés;";"dbl";84;"";""
650;"RE_ISMI_SC_TOT_E6_C6";"ISMI - Score total";"dbl";84;"";""
651;"RE_STORI_DATE_E6_C6";"Date de passation de la STORI (exprimée en jj/mm/aaaa)";"date";84;"";""
652;"RE_STORI_Q1_E6_C6";"STORI_Q1";"dbl";84;"";""
653;"RE_STORI_Q2_E6_C6";"STORI_Q2";"dbl";84;"";""
654;"RE_STORI_Q3_E6_C6";"STORI_Q3";"dbl";84;"";""
655;"RE_STORI_Q4_E6_C6";"STORI_Q4";"dbl";84;"";""
656;"RE_STORI_Q5_E6_C6";"STORI_Q5";"dbl";84;"";""
657;"RE_STORI_Q6_E6_C6";"STORI_Q6";"dbl";84;"";""
658;"RE_STORI_Q7_E6_C6";"STORI_Q7";"dbl";84;"";""
659;"RE_STORI_Q8_E6_C6";"STORI_Q8";"dbl";84;"";""
660;"RE_STORI_Q9_E6_C6";"STORI_Q9";"dbl";84;"";""
661;"RE_STORI_Q10_E6_C6";"STORI_Q10";"dbl";84;"";""
662;"RE_STORI_Q11_E6_C6";"STORI_Q11";"dbl";84;"";""
663;"RE_STORI_Q12_E6_C6";"STORI_Q12";"dbl";84;"";""
664;"RE_STORI_Q13_E6_C6";"STORI_Q13";"dbl";84;"";""
665;"RE_STORI_Q14_E6_C6";"STORI_Q14";"dbl";84;"";""
666;"RE_STORI_Q15_E6_C6";"STORI_Q15";"dbl";84;"";""
667;"RE_STORI_Q16_E6_C6";"STORI_Q16";"dbl";84;"";""
668;"RE_STORI_Q17_E6_C6";"STORI_Q17";"dbl";84;"";""
669;"RE_STORI_Q18_E6_C6";"STORI_Q18";"dbl";84;"";""
670;"RE_STORI_Q19_E6_C6";"STORI_Q19";"dbl";84;"";""
671;"RE_STORI_Q20_E6_C6";"STORI_Q20";"dbl";84;"";""
672;"RE_STORI_Q21_E6_C6";"STORI_Q21";"dbl";84;"";""
673;"RE_STORI_Q22_E6_C6";"STORI_Q22";"dbl";84;"";""
674;"RE_STORI_Q23_E6_C6";"STORI_Q23";"dbl";84;"";""
675;"RE_STORI_Q24_E6_C6";"STORI_Q24";"dbl";84;"";""
676;"RE_STORI_Q25_E6_C6";"STORI_Q25";"dbl";84;"";""
677;"RE_STORI_Q26_E6_C6";"STORI_Q26";"dbl";84;"";""
678;"RE_STORI_Q27_E6_C6";"STORI_Q27";"dbl";84;"";""
679;"RE_STORI_Q28_E6_C6";"STORI_Q28";"dbl";84;"";""
680;"RE_STORI_Q29_E6_C6";"STORI_Q29";"dbl";84;"";""
681;"RE_STORI_Q30_E6_C6";"STORI_Q30";"dbl";84;"";""
682;"RE_STORI_Q31_E6_C6";"STORI_Q31";"dbl";84;"";""
683;"RE_STORI_Q32_E6_C6";"STORI_Q32";"dbl";84;"";""
684;"RE_STORI_Q33_E6_C6";"STORI_Q33";"dbl";84;"";""
685;"RE_STORI_Q34_E6_C6";"STORI_Q34";"dbl";84;"";""
686;"RE_STORI_Q35_E6_C6";"STORI_Q35";"dbl";84;"";""
687;"RE_STORI_Q36_E6_C6";"STORI_Q36";"dbl";84;"";""
688;"RE_STORI_Q37_E6_C6";"STORI_Q37";"dbl";84;"";""
689;"RE_STORI_Q38_E6_C6";"STORI_Q38";"dbl";84;"";""
690;"RE_STORI_Q39_E6_C6";"STORI_Q39";"dbl";84;"";""
691;"RE_STORI_Q40_E6_C6";"STORI_Q40";"dbl";84;"";""
692;"RE_STORI_Q41_E6_C6";"STORI_Q41";"dbl";84;"";""
693;"RE_STORI_Q42_E6_C6";"STORI_Q42";"dbl";84;"";""
694;"RE_STORI_Q43_E6_C6";"STORI_Q43";"dbl";84;"";""
695;"RE_STORI_Q44_E6_C6";"STORI_Q44";"dbl";84;"";""
696;"RE_STORI_Q45_E6_C6";"STORI_Q45";"dbl";84;"";""
697;"RE_STORI_Q46_E6_C6";"STORI_Q46";"dbl";84;"";""
698;"RE_STORI_Q47_E6_C6";"STORI_Q47";"dbl";84;"";""
699;"RE_STORI_Q48_E6_C6";"STORI_Q48";"dbl";84;"";""
700;"RE_STORI_Q49_E6_C6";"STORI_Q49";"dbl";84;"";""
701;"RE_STORI_Q50_E6_C6";"STORI_Q50";"dbl";84;"";""
702;"RE_STORI_MORATOIRE_E6_C6";"STORI - Moratoire";"dbl";84;"";""
703;"RE_STORI_CONSCIENCE_E6_C6";"STORI - Conscience";"dbl";84;"";""
704;"RE_STORI_PREPARATION_E6_C6";"STORI - Préparation";"dbl";84;"";""
705;"RE_STORI_RECONSTRUCTION_E6_C6";"STORI - Reconstruction";"dbl";84;"";""
706;"RE_STORI_CROISSANCE_E6_C6";"STORI - Croissance";"dbl";84;"";""
707;"RE_STORI_ST_RETABLISSEMENT_E6_C6";"STORI - Stade de rétablissement (stade le plus élevé)";"fct";84;"1 - MORATOIRE; 2 - CONSCIENCE; 3 - PREPARATION; 4 - RECONSTRUCTION; 5 - CROISSANCE";""
708;"RE_STAIA_DATE_E6_C6";"Date de passation de la STAI-A (exprimée en jj/mm/aaaa)";"date";84;"";""
709;"RE_STAIA_Q1_E6_C6";"STAIA_Q1";"dbl";84;"";""
710;"RE_STAIA_Q1inv_E6_C6";"STAIA_Q1inv";"dbl";84;"";""
711;"RE_STAIA_Q2_E6_C6";"STAIA_Q2";"dbl";84;"";""
712;"RE_STAIA_Q2inv_E6_C6";"STAIA_Q2inv";"dbl";84;"";""
713;"RE_STAIA_Q3_E6_C6";"STAIA_Q3";"dbl";84;"";""
714;"RE_STAIA_Q3dir_E6_C6";"STAIA_Q3dir";"dbl";84;"";""
715;"RE_STAIA_Q4_E6_C6";"STAIA_Q4";"dbl";84;"";""
716;"RE_STAIA_Q4dir_E6_C6";"STAIA_Q4dir";"dbl";84;"";""
717;"RE_STAIA_Q5_E6_C6";"STAIA_Q5";"dbl";84;"";""
718;"RE_STAIA_Q5inv_E6_C6";"STAIA_Q5inv";"dbl";84;"";""
719;"RE_STAIA_Q6_E6_C6";"STAIA_Q6";"dbl";84;"";""
720;"RE_STAIA_Q6dir_E6_C6";"STAIA_Q6dir";"dbl";84;"";""
721;"RE_STAIA_Q7_E6_C6";"STAIA_Q7";"dbl";84;"";""
722;"RE_STAIA_Q7dir_E6_C6";"STAIA_Q7dir";"dbl";84;"";""
723;"RE_STAIA_Q8_E6_C6";"STAIA_Q8";"dbl";84;"";""
724;"RE_STAIA_Q8inv_E6_C6";"STAIA_Q8inv";"dbl";84;"";""
725;"RE_STAIA_Q9_E6_C6";"STAIA_Q9";"dbl";84;"";""
726;"RE_STAIA_Q9dir_E6_C6";"STAIA_Q9dir";"dbl";84;"";""
727;"RE_STAIA_Q10_E6_C6";"STAIA_Q10";"dbl";84;"";""
728;"RE_STAIA_Q10inv_E6_C6";"STAIA_Q10inv";"dbl";84;"";""
729;"RE_STAIA_Q11_E6_C6";"STAIA_Q11";"dbl";84;"";""
730;"RE_STAIA_Q11inv_E6_C6";"STAIA_Q11inv";"dbl";84;"";""
731;"RE_STAIA_Q12_E6_C6";"STAIA_Q12";"dbl";84;"";""
732;"RE_STAIA_Q12dir_E6_C6";"STAIA_Q12dir";"dbl";84;"";""
733;"RE_STAIA_Q13_E6_C6";"STAIA_Q13";"dbl";84;"";""
734;"RE_STAIA_Q13dir_E6_C6";"STAIA_Q13dir";"dbl";84;"";""
735;"RE_STAIA_Q14_E6_C6";"STAIA_Q14";"dbl";84;"";""
736;"RE_STAIA_Q14dir_E6_C6";"STAIA_Q14dir";"dbl";84;"";""
737;"RE_STAIA_Q15_E6_C6";"STAIA_Q15";"dbl";84;"";""
738;"RE_STAIA_Q15inv_E6_C6";"STAIA_Q15inv";"dbl";84;"";""
739;"RE_STAIA_Q16_E6_C6";"STAIA_Q16";"dbl";84;"";""
740;"RE_STAIA_Q16inv_E6_C6";"STAIA_Q16inv";"dbl";84;"";""
741;"RE_STAIA_Q17_E6_C6";"STAIA_Q17";"dbl";84;"";""
742;"RE_STAIA_Q17dir_E6_C6";"STAIA_Q17dir";"dbl";84;"";""
743;"RE_STAIA_Q18_E6_C6";"STAIA_Q18";"dbl";84;"";""
744;"RE_STAIA_Q18dir_E6_C6";"STAIA_Q18dir";"dbl";84;"";""
745;"RE_STAIA_Q19_E6_C6";"STAIA_Q19";"dbl";84;"";""
746;"RE_STAIA_Q19inv_E6_C6";"STAIA_Q19inv";"dbl";84;"";""
747;"RE_STAIA_Q20_E6_C6";"STAIA_Q20";"dbl";84;"";""
748;"RE_STAIA_Q20inv_E6_C6";"STAIA_Q20inv";"dbl";84;"";""
749;"RE_STAIA_TOT_E6_C6";"STAIA_TOT";"dbl";84;"";""
750;"RE_STAIB_DATE_E6_C6";"Date de passation de la STAI-B (exprimée en jj/mm/aaaa)";"date";84;"";""
751;"RE_STAIB_Q1_E6_C6";"STAIB_Q1";"dbl";84;"";""
752;"RE_STAIB_Q1inv_E6_C6";"STAIB_Q1inv";"dbl";84;"";""
753;"RE_STAIB_Q2_E6_C6";"STAIB_Q2";"dbl";84;"";""
754;"RE_STAIB_Q2dir_E6_C6";"STAIB_Q2dir";"dbl";84;"";""
755;"RE_STAIB_Q3_E6_C6";"STAIB_Q3";"dbl";84;"";""
756;"RE_STAIB_Q3inv_E6_C6";"STAIB_Q3inv";"dbl";84;"";""
757;"RE_STAIB_Q4_E6_C6";"STAIB_Q4";"dbl";84;"";""
758;"RE_STAIB_Q4dir_E6_C6";"STAIB_Q4dir";"dbl";84;"";""
759;"RE_STAIB_Q5_E6_C6";"STAIB_Q5";"dbl";84;"";""
760;"RE_STAIB_Q5dir_E6_C6";"STAIB_Q5dir";"dbl";84;"";""
761;"RE_STAIB_Q6_E6_C6";"STAIB_Q6";"dbl";84;"";""
762;"RE_STAIB_Q6inv_E6_C6";"STAIB_Q6inv";"dbl";84;"";""
763;"RE_STAIB_Q7_E6_C6";"STAIB_Q7";"dbl";84;"";""
764;"RE_STAIB_Q7inv_E6_C6";"STAIB_Q7inv";"dbl";84;"";""
765;"RE_STAIB_Q8_E6_C6";"STAIB_Q8";"dbl";84;"";""
766;"RE_STAIB_Q8dir_E6_C6";"STAIB_Q8dir";"dbl";84;"";""
767;"RE_STAIB_Q9_E6_C6";"STAIB_Q9";"dbl";84;"";""
768;"RE_STAIB_Q9dir_E6_C6";"STAIB_Q9dir";"dbl";84;"";""
769;"RE_STAIB_Q10_E6_C6";"STAIB_Q10";"dbl";84;"";""
770;"RE_STAIB_Q10inv_E6_C6";"STAIB_Q10inv";"dbl";84;"";""
771;"RE_STAIB_Q11_E6_C6";"STAIB_Q11";"dbl";84;"";""
772;"RE_STAIB_Q11dir_E6_C6";"STAIB_Q11dir";"dbl";84;"";""
773;"RE_STAIB_Q12_E6_C6";"STAIB_Q12";"dbl";84;"";""
774;"RE_STAIB_Q12dir_E6_C6";"STAIB_Q12dir";"dbl";84;"";""
775;"RE_STAIB_Q13_E6_C6";"STAIB_Q13";"dbl";84;"";""
776;"RE_STAIB_Q13inv_E6_C6";"STAIB_Q13inv";"dbl";84;"";""
777;"RE_STAIB_Q14_E6_C6";"STAIB_Q14";"dbl";84;"";""
778;"RE_STAIB_Q14inv_E6_C6";"STAIB_Q14inv";"dbl";84;"";""
779;"RE_STAIB_Q15_E6_C6";"STAIB_Q15";"dbl";84;"";""
780;"RE_STAIB_Q15dir_E6_C6";"STAIB_Q15dir";"dbl";84;"";""
781;"RE_STAIB_Q16_E6_C6";"STAIB_Q16";"dbl";84;"";""
782;"RE_STAIB_Q16inv_E6_C6";"STAIB_Q16inv";"dbl";84;"";""
783;"RE_STAIB_Q17_E6_C6";"STAIB_Q17";"dbl";84;"";""
784;"RE_STAIB_Q17dir_E6_C6";"STAIB_Q17dir";"dbl";84;"";""
785;"RE_STAIB_Q18_E6_C6";"STAIB_Q18";"dbl";84;"";""
786;"RE_STAIB_Q18dir_E6_C6";"STAIB_Q18dir";"dbl";84;"";""
787;"RE_STAIB_Q19_E6_C6";"STAIB_Q19";"dbl";84;"";""
788;"RE_STAIB_Q19inv_E6_C6";"STAIB_Q19inv";"dbl";84;"";""
789;"RE_STAIB_Q20_E6_C6";"STAIB_Q20";"dbl";84;"";""
790;"RE_STAIB_Q20dir_E6_C6";"STAIB_Q20dir";"dbl";84;"";""
791;"RE_STAIB_TOT_E6_C6";"STAIB_TOT";"dbl";84;"";""
792;"RE_ENPSY_DATE_E6_C6";"Date de l'évaluation neuropsy; indispensable pour calculer l'âge réel du patient au moment de l'évaluation et valider les calculs normés";"date";84;"";""
793;"RE_CALC_AGE_E6_C6";"Quel est l'âge du patient à la date de l'évaluation";"dbl";84;"";""
794;"RE_SEXE_E6_C6";"Quel est le sexe du sujet? Masculin/Féminin";"fct";84;"Masculin; Féminin";""
795;"RE_NIVETUD_E6_C6";"Quel est le niveau d'étude du patient (CP = 1; Bac = 12; …) ?";"fct";84;"-12=Inf. Bac, sans précision; 0=Illettrisme; 1=CP; 2=CE1; 3=CE2; 4=CM1; 5=CM2; 6=6ième; 7=5ième; 8=4ième; 9=3ième; 10=2nde ou CAP; 11=1ère ou BEP; 12=Baccalauréat; 13=Licence1; 14=Licence2; 15=Licence3; 16=Master1; 17=Master2; 18=Doctorat; 20=Sup. Bac, sans précision; Non Cotable/Non Pertinent";""
796;"RE_ACSO_E6_C6";"ACSo - Score total par autoévaluation du patient";"dbl";84;"";""
797;"RE_ACSO_H_E6_C6";"ACSo - Score total (hétéroévaluation par le neuropsychologue)";"dbl";92;"";""
798;"RE_MASC_NB_E6_C6";"MASC - Score total";"dbl";84;"";""
799;"RE_MASC_SIGMA_E6_C6";"MASC - Score total (note standard)";"dbl";84;"";""
800;"RE_AIHQ_HB_NB_E6_C6";"Score d'Hostilité";"dbl";84;"";""
801;"RE_AIHQ_HB_SIGMA_E6_C6";"Transformation de la note brute en écart à la moyenne";"dbl";85;"";""
802;"RE_AIHQ_ATTRIB_RESP_NB_E6_C6";"Score d'Attribution de la Responsabilité";"dbl";84;"";""
803;"RE_AIHQ_ATTRIB_RESP_SIGMA_E6_C6";"Transformation de la note brute en écart à la moyenne";"dbl";85;"";""
804;"RE_AIHQ_AB_NB_E6_C6";"Score d'Agression";"dbl";84;"";""
805;"RE_AIHQ_AB_SIGMA_E6_C6";"Transformation de la note brute en écart à la moyenne";"dbl";85;"";""
806;"RE_PERSO_FLU_PONC_E6_C6";"Fluence Ponctuelle";"dbl";84;"";""
807;"RE_PERSO_INTER_LIB_E6_C6";"Interprétation LIBRE";"dbl";84;"";""
808;"RE_PERSO_INTER_INDIC_E6_C6";"Interprétation INDICEE";"dbl";84;"";""
809;"RE_PERSO_INTER_TOTAL_E6_C6";"Interprétation TOTAL";"dbl";84;"";""
810;"RE_PERSO_CONV_SOC_E6_C6";"Conventions Sociales";"dbl";84;"";""
811;"RE_TREF_SD_DEGOUT_NB_E6_C6";"TREF_Seuil de Détection DEGOUT";"dbl";84;"";""
812;"RE_TREF_SD_DEGOUT_SIGMA_E6_C6";"TREF_Sigma Seuil de Détection DEGOUT";"dbl";84;"";""
813;"RE_TREF_SD_MEPRIS_NB_E6_C6";"TREF_Seuil de Détection MEPRIS";"dbl";84;"";""
814;"RE_TREF_SD_MEPRIS_SIGMA_E6_C6";"TREF_Sigma Seuil de Détection MEPRIS";"dbl";84;"";""
815;"RE_TREF_SD_JOIE_NB_E6_C6";"TREF_Seuil de Détection JOIE";"dbl";84;"";""
816;"RE_TREF_SD_JOIE_SIGMA_E6_C6";"TREF_Sigma Seuil de Détection JOIE";"dbl";84;"";""
817;"RE_TREF_SD_PEUR_NB_E6_C6";"TREF_Seuil de Détection PEUR";"dbl";84;"";""
818;"RE_TREF_SD_PEUR_SIGMA_E6_C6";"TREF_Sigma Seuil de Détection PEUR";"dbl";84;"";""
819;"RE_TREF_SD_TRISTESSE_NB_E6_C6";"TREF_Seuil de Détection TRISTESSE";"dbl";84;"";""
820;"RE_TREF_SD_TRISTESSE_SIGMA_E6_C6";"TREF_Sigma Seuil de Détection TRISTESSE";"dbl";84;"";""
821;"RE_TREF_SD_COLERE_NB_E6_C6";"TREF_Seuil de Détection COLERE";"dbl";84;"";""
822;"RE_TREF_SD_COLERE_SIGMA_E6_C6";"TREF_Sigma Seuil de Détection COLERE";"dbl";84;"";""
823;"RE_TREF_SD_TOTAL_NB_E6_C6";"TREF_Seuil de Détection_TOTAL_NB";"dbl";84;"";""
824;"RE_TREF_SD_TOTAL_SIGMA_E6_C6";"TREF_Seuil de Détection_TOTAL_SIGMA";"dbl";84;"";""
825;"IR_TREF_BR_DEGOUT_NB_E6_C6";"TREF_% de Bonnes Réponses DEGOUT";"dbl";84;"";""
826;"IR_TREF_BR_DEGOUT_SIGMA_E6_C6";"TREF_Sigma Bonnes Réponses DEGOUT";"dbl";84;"";""
827;"IR_TREF_BR_MEPRIS_NB_E6_C6";"TREF_% de Bonnes Réponses MEPRIS";"dbl";84;"";""
828;"IR_TREF_BR_MEPRIS_SIGMA_E6_C6";"TREF_Sigma Bonnes Réponses MEPRIS";"dbl";84;"";""
829;"IR_TREF_BR_JOIE_NB_E6_C6";"TREF_% de Bonnes Réponses JOIE";"dbl";84;"";""
830;"IR_TREF_BR_JOIE_SIGMA_E6_C6";"TREF_Sigma Bonnes Réponses JOIE";"dbl";84;"";""
831;"IR_TREF_BR_PEUR_NB_E6_C6";"TREF_% de Bonnes Réponses PEUR";"dbl";84;"";""
832;"IR_TREF_BR_PEUR_SIGMA_E6_C6";"TREF_Sigma Bonnes Réponses PEUR";"dbl";84;"";""
833;"IR_TREF_BR_TRISTESSE_NB_E6_C6";"TREF_% de Bonnes Réponses TRISTESSE";"dbl";84;"";""
834;"IR_TREF_BR_TRISTESSE_SIGMA_E6_C6";"TREF_Sigma Bonnes Réponses TRISTESSE";"dbl";84;"";""
835;"IR_TREF_BR_COLERE_NB_E6_C6";"TREF_% de Bonnes Réponses COLERE";"dbl";84;"";""
836;"IR_TREF_BR_COLERE_SIGMA_E6_C6";"TREF_Sigma Bonnes Réponses COLERE";"dbl";84;"";""
837;"IR_TREF_BR_TOTAL_NB_E6_C6";"TREF_% de Bonnes Réponses_TOTAL_NB";"dbl";84;"";""
838;"IR_TREF_BR_TOTAL_SIGMA_E6_C6";"TREF_% de Bonnes Réponses_TOTAL_SIGMA";"dbl";84;"";""
839;"RE_AIHQ_H_Moy_E6_C6";"AIHQ H Moyenne";"dbl";85;"";""
840;"RE_AIHQ_H_Dev_E6_C6";"AIHQ H Ecart Type";"dbl";85;"";""
841;"RE_AIHQ_ATTRIB_Moy_E6_C6";"AIHQ ATTRIB Moyenne";"dbl";85;"";""
842;"RE_AIHQ_ATTRIB_Dev_E6_C6";"AIHQ ATTRIB Ecart Type";"dbl";85;"";""
843;"RE_AIHQ_AB_Moy_E6_C6";"AIHQ AB Moyenne";"dbl";85;"";""
844;"RE_AIHQ_AB_Dev_E6_C6";"AIHQ AB Ecart Type";"dbl";85;"";""
